<?xml version="1.0" encoding="UTF-8"?>
<!DOCTYPE configuration PUBLIC "-//mybatis.org//DTD SQL Map Config 3.0//EN"  
	"http://mybatis.org/dtd/mybatis-3-config.dtd">
<configuration>
	
	<settings> 
        <setting name="cacheEnabled" value="false" /> 
        <setting name="useGeneratedKeys" value="true" /> 
        <setting name="defaultExecutorType" value="REUSE" /> 
    </settings>

	<!-- 添加实体类,并赋予别名 -->
	<typeAliases>
		<typeAlias type="com.notification.entity.Email" alias="Email"/>
	</typeAliases>
</configuration>